id,userId,persons,place_type,bathrooms,bedrooms,beds,city,neighborhood,isSuperhost,rareFind,latitude,longitude,reviewsCount,rating,type,address,cancelPolicy,Air conditioning,Kitchen,Wifi,Self check-in,PricePerDay,currency,TotalPrice
54021160,75661288,2,Studio,1,1,1,Riyadh,Al Olaya,False,False,24.70718,46.67169,5,3.8,Entire rental unit,"Riyadh, Riyadh Province, Saudi Arabia",CANCEL_MODERATE,1,1,1,1,151,SAR,3616
1067566052887350000,434487366,2,Studio,1,1,0,Riyadh,As Sahafah,False,False,24.80757986,46.59004169,8,4.88,Entire rental unit,"Riyadh, Riyadh Province, Saudi Arabia",CANCEL_FLEXIBLE,1,1,1,1,145,SAR,3469
1122995387128120000,380928684,4,Apartment,1,1,0,Riyadh,Al Manar,True,False,24.69446015,46.81457945,3,5.0,Entire rental unit,"Riyadh, Riyadh Province, Saudi Arabia",CANCEL_FLEXIBLE,1,1,1,0,119,SAR,2842
54242523,439861574,2,Studio,1,1,1,Riyadh,Al Hamra,True,False,24.81323,46.79102,72,4.76,Entire rental unit,"Riyadh, Riyadh Province, Saudi Arabia",CANCEL_FLEXIBLE,1,1,1,1,164,SAR,3917
1184974537495700000,522134619,2,Other,1,1,1,Riyadh,As Sahafah,True,False,24.88178087,46.62493625,11,5.0,Entire rental unit,"Riyadh, Riyadh Province, Saudi Arabia",CANCEL_FLEXIBLE,1,0,1,1,167,SAR,4005
820988911854904000,430833417,2,Bedroom,1,1,1,Riyadh,As Sahafah,False,False,24.80566,46.6004,70,4.81,Entire rental unit,"Riyadh, Riyadh Province, Saudi Arabia",CANCEL_MODERATE,1,0,1,1,175,SAR,4192
1196853147227090000,406444609,4,Apartment,1,1,1,Riyadh,Al Yasmin,False,False,24.78065562,46.69837585,5,5.0,Entire rental unit,"Riyadh, Riyadh Province, Saudi Arabia",CANCEL_STRICT_14_WITH_GRACE_PERIOD,1,0,1,1,255,SAR,6116
1143693018781370000,403011175,2,Studio,1,1,1,Riyadh,As Sahafah,False,False,24.81312077,46.65685037,10,5.0,Entire rental unit,"Riyadh, Riyadh Province, Saudi Arabia",CANCEL_MODERATE,1,1,1,1,219,SAR,5254
1184986386507070000,522134619,2,Other,1,1,1,Riyadh,As Sahafah,True,False,24.88197288,46.62556204,14,4.93,Entire rental unit,"Riyadh, Riyadh Province, Saudi Arabia",CANCEL_FLEXIBLE,1,0,1,1,201,SAR,4816
992845734022009000,498129881,2,Apartment,1,1,1,Riyadh,Al Malqa,True,False,24.78947839,46.61583336,5,4.4,Entire rental unit,"Riyadh, Riyadh Province, Saudi Arabia",CANCEL_BETTER_STRICT_WITH_GRACE_PERIOD,1,1,1,1,176,SAR,4205
1130807053761050000,557083466,4,Apartment,1,1,0,Riyadh,Al Ghadeer,True,False,24.7705966,46.6330897,5,5.0,Entire rental unit,"Riyadh, Riyadh Province, Saudi Arabia",CANCEL_MODERATE,1,1,1,0,326,SAR,7802
878899151918617000,506084654,3,Studio,1,1,1,Riyadh,As Sahafah,False,False,24.80125,46.60426,44,4.68,Entire rental unit,"Riyadh, Riyadh Province, Saudi Arabia",CANCEL_FLEXIBLE,1,1,1,1,169,SAR,4051
1209223387875960000,592163137,2,Studio,1,1,1,Riyadh,As Sahafah,False,False,24.82201218,46.63011143,6,5.0,Entire rental unit,"Riyadh, Riyadh Province, Saudi Arabia",CANCEL_FLEXIBLE,1,0,1,0,256,SAR,6120
981874554354154000,262206128,3,Studio,1,1,2,Riyadh,As Sahafah,True,False,24.8305894,46.5968689,61,4.92,Entire rental unit,"Riyadh, Riyadh Province, Saudi Arabia",CANCEL_FLEXIBLE,1,1,1,1,317,SAR,7590
792078507402919000,457114904,2,Suite,1,1,1,Riyadh,Al Rawdah,True,False,24.76449,46.73123,128,4.92,Entire rental unit,"Riyadh, Riyadh Province, Saudi Arabia",CANCEL_FLEXIBLE,1,1,1,0,245,SAR,5870
1144230069531750000,574536630,3,Studio,1,1,0,Riyadh,Al Malqa,True,False,24.7911082,46.62913151,17,4.94,Entire rental unit,"Riyadh, Riyadh Province, Saudi Arabia",CANCEL_FLEXIBLE,1,0,1,1,233,SAR,5569
1031193302375280000,530421047,2,Suite,1,1,1,Riyadh,Al Malqa,False,False,24.78179359,46.61932569,3,5.0,Entire guest suite,"Riyadh, Riyadh Province, Saudi Arabia",CANCEL_FLEXIBLE,1,1,1,1,284,SAR,6812
1185090968523180000,522134619,2,Other,1,1,1,Riyadh,As Sahafah,True,False,24.88018145,46.6237049,4,5.0,Entire rental unit,"Riyadh, Riyadh Province, Saudi Arabia",CANCEL_FLEXIBLE,1,0,1,1,167,SAR,3993
1185058734621850000,522134619,2,Other,1,1,1,Riyadh,As Sahafah,True,False,24.88078923,46.62514683,9,5.0,Entire rental unit,"Riyadh, Riyadh Province, Saudi Arabia",CANCEL_FLEXIBLE,1,0,1,1,167,SAR,4005
1203743698803950000,545737008,1,Room,2,1,1,Riyadh,Al Murabba,False,False,24.65920382,46.73373809,4,5.0,Private room in rental unit,"Riyadh, Riyadh Province, Saudi Arabia",CANCEL_MODERATE,1,1,1,0,169,SAR,4037
1049259947287310000,530929474,2,Studio,1,1,1,Riyadh,Al Nafel,True,False,24.76449244,46.67297446,18,5.0,Private room in rental unit,"Riyadh, Riyadh Province, Saudi Arabia",CANCEL_FLEXIBLE,1,1,1,1,181,SAR,4331
1169460310350140000,411678123,2,Apartment,1,1,1,Riyadh,Al Malqa,True,False,24.79395559,46.61969228,8,5.0,Entire rental unit,"Riyadh, Riyadh Province, Saudi Arabia",CANCEL_MODERATE,1,1,1,1,280,SAR,6707
964086362728047000,462137098,3,Apartment,1,1,1,Riyadh,Al Malqa,True,False,24.78567941,46.62616732,53,5.0,Entire rental unit,"Riyadh, Riyadh Province, Saudi Arabia",CANCEL_STRICT_14_WITH_GRACE_PERIOD,1,1,1,1,308,SAR,7390
1063278614922060000,550223308,2,Studio,1,1,0,Riyadh,As Sahafah,True,False,24.80055635,46.64320908,25,5.0,Entire rental unit,"Riyadh, Riyadh Province, Saudi Arabia",CANCEL_FLEXIBLE,1,1,1,1,243,SAR,5809
1213720654688020000,593520079,4,Apartment,1,1,1,Riyadh,Hittin,False,False,24.77025415,46.61579221,3,5.0,Entire rental unit,"Riyadh, Riyadh Province, Saudi Arabia",CANCEL_FLEXIBLE,1,1,0,1,282,SAR,6750
1073878661892160000,82511287,3,Room,1,1,1,Riyadh,Qurtubah,True,False,24.80926307,46.77332695,15,4.93,Entire rental unit,"Riyadh, Riyadh Province, Saudi Arabia",CANCEL_BETTER_STRICT_WITH_GRACE_PERIOD,1,1,1,1,246,SAR,5887
782693125495290000,457114904,2,Suite,1,1,1,Riyadh,Al Rawdah,True,False,24.7657,46.73104,77,4.88,Entire rental unit,"Riyadh, Riyadh Province, Saudi Arabia",CANCEL_FLEXIBLE,1,1,1,1,228,SAR,5470
1187737059673350000,271232175,1,Studio,1,1,1,Riyadh,As Sahafah,False,False,24.86715836,46.62522689,4,4.75,Entire rental unit,"Riyadh, Riyadh Province, Saudi Arabia",CANCEL_MODERATE,1,0,0,1,101,SAR,2418
1079769690527640000,312154751,2,Studio,1,1,1,Riyadh,Al Ghadeer,True,False,24.77060789,46.63111098,19,5.0,Entire condo,"Riyadh, Riyadh Province, Saudi Arabia",CANCEL_FLEXIBLE,1,0,1,1,181,SAR,2710
1067566052887350000,434487366,2,Studio,1,1,0,Riyadh,As Sahafah,False,False,24.80757986,46.59004169,8,4.88,Entire rental unit,"Riyadh, Riyadh Province, Saudi Arabia",CANCEL_FLEXIBLE,1,1,1,1,145,SAR,2168
1169669991041660000,578679470,3,Apartment,1,1,1,Riyadh,As Sahafah,False,False,24.83337529,46.64543856,12,5.0,Entire rental unit,"Riyadh, Riyadh Province, Saudi Arabia",CANCEL_FLEXIBLE,1,1,1,1,309,SAR,4625
54021160,75661288,2,Studio,1,1,1,Riyadh,Al Olaya,False,False,24.70718,46.67169,5,3.8,Entire rental unit,"Riyadh, Riyadh Province, Saudi Arabia",CANCEL_MODERATE,1,1,1,1,155,SAR,2313
1179015748367190000,497723396,2,Studio,1,1,1,Riyadh,Al Izdihar,False,False,24.7656043,46.70717578,24,4.88,Entire rental unit,"Riyadh, Riyadh Province, Saudi Arabia",CANCEL_FLEXIBLE,1,0,1,1,167,SAR,2491
1122995387128120000,380928684,4,Apartment,1,1,0,Riyadh,Al Manar,True,False,24.69446015,46.81457945,3,5.0,Entire rental unit,"Riyadh, Riyadh Province, Saudi Arabia",CANCEL_FLEXIBLE,1,1,1,0,122,SAR,1820
1197108677939350000,469704679,2,Studio,1,1,1,Riyadh,Al Nafel,False,False,24.76893,46.67417,11,4.91,Entire rental unit,"Riyadh, Riyadh Province, Saudi Arabia",CANCEL_FLEXIBLE,1,0,1,1,208,SAR,3117
1185003714353040000,522134619,2,Other,1,1,1,Riyadh,As Sahafah,True,False,24.88001234,46.62360741,15,5.0,Entire rental unit,"Riyadh, Riyadh Province, Saudi Arabia",CANCEL_FLEXIBLE,1,0,1,1,168,SAR,2507
1058131722767040000,553553645,4,Bedroom,1,1,2,Riyadh,As Sahafah,True,False,24.83753584,46.64367377,16,4.94,Entire rental unit,"Riyadh, Riyadh Province, Saudi Arabia",CANCEL_FLEXIBLE,1,1,1,1,299,SAR,4484
1093553578156450000,409564541,2,Studio,1,1,2,Riyadh,Al Ghadeer,True,False,24.77636206,46.62720367,24,4.96,Entire rental unit,"Riyadh, Riyadh Province, Saudi Arabia",CANCEL_STRICT_14_WITH_GRACE_PERIOD,1,0,1,1,186,SAR,2783
1184986386507070000,522134619,2,Other,1,1,1,Riyadh,As Sahafah,True,False,24.88197288,46.62556204,14,4.93,Entire rental unit,"Riyadh, Riyadh Province, Saudi Arabia",CANCEL_FLEXIBLE,1,0,1,1,202,SAR,3018
820988911854904000,430833417,2,Bedroom,1,1,1,Riyadh,As Sahafah,False,False,24.80566,46.6004,70,4.81,Entire rental unit,"Riyadh, Riyadh Province, Saudi Arabia",CANCEL_MODERATE,1,0,1,1,177,SAR,2647
54242523,439861574,2,Studio,1,1,1,Riyadh,Al Hamra,True,False,24.81323,46.79102,72,4.76,Entire rental unit,"Riyadh, Riyadh Province, Saudi Arabia",CANCEL_FLEXIBLE,1,1,1,1,165,SAR,2461
981874554354154000,262206128,3,Studio,1,1,2,Riyadh,As Sahafah,True,False,24.8305894,46.5968689,61,4.92,Entire rental unit,"Riyadh, Riyadh Province, Saudi Arabia",CANCEL_FLEXIBLE,1,1,1,1,319,SAR,4775
1144230069531750000,574536630,3,Studio,1,1,0,Riyadh,Al Malqa,True,False,24.7911082,46.62913151,17,4.94,Entire rental unit,"Riyadh, Riyadh Province, Saudi Arabia",CANCEL_FLEXIBLE,1,0,1,1,234,SAR,3504
1209223387875960000,592163137,2,Studio,1,1,1,Riyadh,As Sahafah,False,False,24.82201218,46.63011143,6,5.0,Entire rental unit,"Riyadh, Riyadh Province, Saudi Arabia",CANCEL_FLEXIBLE,1,0,1,0,262,SAR,3922
1031193302375280000,530421047,2,Suite,1,1,1,Riyadh,Al Malqa,False,False,24.78179359,46.61932569,3,5.0,Entire guest suite,"Riyadh, Riyadh Province, Saudi Arabia",CANCEL_FLEXIBLE,1,1,1,1,285,SAR,4268
1185090968523180000,522134619,2,Other,1,1,1,Riyadh,As Sahafah,True,False,24.88018145,46.6237049,4,5.0,Entire rental unit,"Riyadh, Riyadh Province, Saudi Arabia",CANCEL_FLEXIBLE,1,0,1,1,168,SAR,2507
1130807053761050000,557083466,4,Apartment,1,1,0,Riyadh,Al Ghadeer,True,False,24.7705966,46.6330897,5,5.0,Entire rental unit,"Riyadh, Riyadh Province, Saudi Arabia",CANCEL_MODERATE,1,1,1,0,334,SAR,4999
977188996056231000,277589139,2,Studio,1,1,1,Riyadh,As Sahafah,True,False,24.81434346,46.60132187,27,4.93,Entire rental unit,"Riyadh, Riyadh Province, Saudi Arabia",CANCEL_FLEXIBLE,1,1,1,1,308,SAR,4612
1143693018781370000,403011175,2,Studio,1,1,1,Riyadh,As Sahafah,False,False,24.81312077,46.65685037,10,5.0,Entire rental unit,"Riyadh, Riyadh Province, Saudi Arabia",CANCEL_MODERATE,1,1,1,1,226,SAR,3384
1082522178033800000,559837367,4,Other,1,1,1,Riyadh,Al Murabba,True,False,24.6699603,46.7227461,13,5.0,Entire serviced apartment,"Riyadh, Riyadh Province, Saudi Arabia",CANCEL_FLEXIBLE,1,1,1,1,262,SAR,3929
1203743698803950000,545737008,1,Room,2,1,1,Riyadh,Al Murabba,False,False,24.65920382,46.73373809,4,5.0,Private room in rental unit,"Riyadh, Riyadh Province, Saudi Arabia",CANCEL_MODERATE,1,1,1,0,169,SAR,2523
1063278614922060000,550223308,2,Studio,1,1,0,Riyadh,As Sahafah,True,False,24.80055635,46.64320908,25,5.0,Entire rental unit,"Riyadh, Riyadh Province, Saudi Arabia",CANCEL_FLEXIBLE,1,1,1,1,245,SAR,3662
1169460310350140000,411678123,2,Apartment,1,1,1,Riyadh,Al Malqa,True,False,24.79395559,46.61969228,8,5.0,Entire rental unit,"Riyadh, Riyadh Province, Saudi Arabia",CANCEL_MODERATE,1,1,1,1,281,SAR,4207
1218944670444680000,509191449,6,Apartment,1,1,1,Riyadh,Al Hamra,False,False,24.8092043,46.79699086,6,5.0,Entire rental unit,"Riyadh, Riyadh Province, Saudi Arabia",CANCEL_FLEXIBLE,1,1,1,1,314,SAR,4699
820994494652342000,430833417,2,Bedroom,1,1,1,Riyadh,As Sahafah,False,False,24.80663,46.59999,71,4.96,Entire rental unit,"Riyadh, Riyadh Province, Saudi Arabia",CANCEL_MODERATE,1,0,1,1,179,SAR,2681
878899151918617000,506084654,3,Studio,1,1,1,Riyadh,As Sahafah,False,False,24.80125,46.60426,44,4.68,Entire rental unit,"Riyadh, Riyadh Province, Saudi Arabia",CANCEL_FLEXIBLE,1,1,1,1,169,SAR,2531
671129617951739000,469518039,4,Studio,1,0,1,Riyadh,Al Nafel,False,False,24.79912405,46.67503886,4,5.0,Entire rental unit,"Riyadh, Riyadh Province, Saudi Arabia",CANCEL_STRICT_14_WITH_GRACE_PERIOD,1,1,1,0,236,SAR,3538
792078507402919000,457114904,2,Suite,1,1,1,Riyadh,Al Rawdah,True,False,24.76449,46.73123,128,4.92,Entire rental unit,"Riyadh, Riyadh Province, Saudi Arabia",CANCEL_FLEXIBLE,1,1,1,0,247,SAR,3691
1009219918841370000,176283430,4,Apartment,1,2,3,Riyadh,Qurtubah,False,False,24.82090778,46.72889259,11,5.0,Entire rental unit,"Riyadh, Riyadh Province, Saudi Arabia",CANCEL_FLEXIBLE,1,1,1,1,464,SAR,6950
1079769690527640000,312154751,2,Studio,1,1,1,Riyadh,Al Ghadeer,True,False,24.77060789,46.63111098,19,5.0,Entire condo,"Riyadh, Riyadh Province, Saudi Arabia",CANCEL_FLEXIBLE,1,0,1,1,184,SAR,2199
1155547142157220000,498129881,1,Room,1,1,0,Riyadh,Al Ghadeer,True,False,24.76727,46.63047,9,5.0,Entire rental unit,"Riyadh, Riyadh Province, Saudi Arabia",CANCEL_FLEXIBLE,1,0,0,0,106,SAR,1261
552791275858998000,400383362,3,Studio,1,1,0,Riyadh,As Sahafah,False,False,24.82403693,46.60185043,37,4.89,Entire condo,"Riyadh, Riyadh Province, Saudi Arabia",CANCEL_FLEXIBLE,1,1,1,1,218,SAR,2609
1184972187465680000,522134619,2,Other,1,1,1,Riyadh,As Sahafah,True,False,24.88163299,46.62508501,10,5.0,Entire rental unit,"Riyadh, Riyadh Province, Saudi Arabia",CANCEL_FLEXIBLE,1,0,1,1,168,SAR,2008
1200038827018230000,440606327,6,Apartment,1,1,1,Riyadh,Al Ghadeer,False,False,24.779788,46.622942,12,4.92,Entire rental unit,"Riyadh, Riyadh Province, Saudi Arabia",CANCEL_FLEXIBLE,1,1,1,0,276,SAR,3311
972266376019621000,532343366,2,Studio,1,1,1,Riyadh,Al Nafel,True,False,24.78866432,46.67045816,64,4.98,Entire serviced apartment,"Riyadh, Riyadh Province, Saudi Arabia",CANCEL_MODERATE,1,1,1,1,380,SAR,4560
1197108677939350000,469704679,2,Studio,1,1,1,Riyadh,Al Nafel,False,False,24.76893,46.67417,11,4.91,Entire rental unit,"Riyadh, Riyadh Province, Saudi Arabia",CANCEL_FLEXIBLE,1,0,1,1,209,SAR,2496
1067566052887350000,434487366,2,Studio,1,1,0,Riyadh,As Sahafah,False,False,24.80757986,46.59004169,8,4.88,Entire rental unit,"Riyadh, Riyadh Province, Saudi Arabia",CANCEL_FLEXIBLE,1,1,1,1,145,SAR,1734
1105030447082770000,565327311,4,Studio,1,1,2,Riyadh,As Sahafah,True,False,24.8139669,46.6102146,41,4.9,Entire rental unit,"Riyadh, Riyadh Province, Saudi Arabia",CANCEL_FLEXIBLE,1,1,1,1,217,SAR,2598
1169669991041660000,578679470,3,Apartment,1,1,1,Riyadh,As Sahafah,False,False,24.83337529,46.64543856,12,5.0,Entire rental unit,"Riyadh, Riyadh Province, Saudi Arabia",CANCEL_FLEXIBLE,1,1,1,1,318,SAR,3811
1192802741009840000,518794691,2,Studio,1,1,1,Riyadh,As Sahafah,False,False,24.81382667,46.63099816,16,4.94,Entire rental unit,"Riyadh, Riyadh Province, Saudi Arabia",CANCEL_FLEXIBLE,1,1,1,1,246,SAR,2945
1161623903187900000,454467060,2,Studio,1,1,0,Riyadh,As Sahafah,False,False,24.82083344,46.62853105,8,5.0,Private room in rental unit,"Riyadh, Riyadh Province, Saudi Arabia",CANCEL_FLEXIBLE,1,0,1,0,176,SAR,2108
1132375071501470000,462074338,4,Apartment,1,1,1,Riyadh,Al Ghadeer,True,False,24.77595657,46.62829617,3,5.0,Entire rental unit,"Riyadh, Riyadh Province, Saudi Arabia",CANCEL_FLEXIBLE,1,0,1,0,191,SAR,2285
1185090968523180000,522134619,2,Other,1,1,1,Riyadh,As Sahafah,True,False,24.88018145,46.6237049,4,5.0,Entire rental unit,"Riyadh, Riyadh Province, Saudi Arabia",CANCEL_FLEXIBLE,1,0,1,1,168,SAR,2008
1089246006926320000,75661288,2,Studio,1,1,1,Riyadh,Al Olaya,False,False,24.70843937,46.67208349,3,5.0,Entire rental unit,"Riyadh, Riyadh Province, Saudi Arabia",CANCEL_FLEXIBLE,1,1,1,1,162,SAR,1934
1098636157843720000,484199104,2,Apartment,1,1,1,Riyadh,Hittin,True,False,24.76945137,46.609254,23,5.0,Entire rental unit,"Riyadh, Riyadh Province, Saudi Arabia",CANCEL_FLEXIBLE,1,1,1,1,341,SAR,4082
1179015748367190000,497723396,2,Studio,1,1,1,Riyadh,Al Izdihar,False,False,24.7656043,46.70717578,24,4.88,Entire rental unit,"Riyadh, Riyadh Province, Saudi Arabia",CANCEL_FLEXIBLE,1,0,1,1,163,SAR,1955
1122995387128120000,380928684,4,Apartment,1,1,0,Riyadh,Al Manar,True,False,24.69446015,46.81457945,3,5.0,Entire rental unit,"Riyadh, Riyadh Province, Saudi Arabia",CANCEL_FLEXIBLE,1,1,1,0,124,SAR,1479
1185003714353040000,522134619,2,Other,1,1,1,Riyadh,As Sahafah,True,False,24.88001234,46.62360741,15,5.0,Entire rental unit,"Riyadh, Riyadh Province, Saudi Arabia",CANCEL_FLEXIBLE,1,0,1,1,168,SAR,2008
1184986386507070000,522134619,2,Other,1,1,1,Riyadh,As Sahafah,True,False,24.88197288,46.62556204,14,4.93,Entire rental unit,"Riyadh, Riyadh Province, Saudi Arabia",CANCEL_FLEXIBLE,1,0,1,1,202,SAR,2419
1093553578156450000,409564541,2,Studio,1,1,2,Riyadh,Al Ghadeer,True,False,24.77636206,46.62720367,24,4.96,Entire rental unit,"Riyadh, Riyadh Province, Saudi Arabia",CANCEL_STRICT_14_WITH_GRACE_PERIOD,1,0,1,1,174,SAR,2088
1050855099500520000,551423215,2,Other,1,1,1,Riyadh,Hittin,True,False,24.77046236,46.61153354,17,5.0,Entire rental unit,"Riyadh, Riyadh Province, Saudi Arabia",CANCEL_FLEXIBLE,1,0,1,1,170,SAR,2039
1203743698803950000,545737008,1,Room,2,1,1,Riyadh,Al Murabba,False,False,24.65920382,46.73373809,4,5.0,Private room in rental unit,"Riyadh, Riyadh Province, Saudi Arabia",CANCEL_MODERATE,1,1,1,0,169,SAR,2018
1200864949229430000,567135375,5,Apartment,1,1,1,Riyadh,Al Olaya,False,False,24.72541614,46.67648155,5,5.0,Entire rental unit,"Riyadh, Riyadh Province, Saudi Arabia",CANCEL_FLEXIBLE,1,1,1,1,316,SAR,3784
981874554354154000,262206128,3,Studio,1,1,2,Riyadh,As Sahafah,True,False,24.8305894,46.5968689,61,4.92,Entire rental unit,"Riyadh, Riyadh Province, Saudi Arabia",CANCEL_FLEXIBLE,1,1,1,1,319,SAR,3823
1169460310350140000,411678123,2,Apartment,1,1,1,Riyadh,Al Malqa,True,False,24.79395559,46.61969228,8,5.0,Entire rental unit,"Riyadh, Riyadh Province, Saudi Arabia",CANCEL_MODERATE,1,1,1,1,275,SAR,3293
1144230069531750000,574536630,3,Studio,1,1,0,Riyadh,Al Malqa,True,False,24.7911082,46.62913151,17,4.94,Entire rental unit,"Riyadh, Riyadh Province, Saudi Arabia",CANCEL_FLEXIBLE,1,0,1,1,243,SAR,2915
1216761896348350000,513112784,2,Bedroom,1,1,1,Riyadh,As Sahafah,False,False,24.87407608,46.60638604,3,5.0,Entire rental unit,"Riyadh, Riyadh Province, Saudi Arabia",CANCEL_FLEXIBLE,1,1,0,0,199,SAR,2378
820988911854904000,430833417,2,Bedroom,1,1,1,Riyadh,As Sahafah,False,False,24.80566,46.6004,70,4.81,Entire rental unit,"Riyadh, Riyadh Province, Saudi Arabia",CANCEL_MODERATE,1,0,1,1,172,SAR,2057
1058131722767040000,553553645,4,Bedroom,1,1,2,Riyadh,As Sahafah,True,False,24.83753584,46.64367377,16,4.94,Entire rental unit,"Riyadh, Riyadh Province, Saudi Arabia",CANCEL_FLEXIBLE,1,1,1,1,298,SAR,3565
865074843786277000,175488176,2,Other,1,1,1,Riyadh,Al Hamra,True,False,24.8006126,46.78937158,18,5.0,Entire rental unit,"Riyadh, Riyadh Province, Saudi Arabia",CANCEL_FLEXIBLE,1,1,1,1,280,SAR,3352
1006078382721000000,93316642,4,Other,2,1,1,Riyadh,Qurtubah,True,False,24.82813275,46.74393848,8,5.0,Entire rental unit,"Riyadh, Riyadh Province, Saudi Arabia",CANCEL_FLEXIBLE,1,1,1,1,345,SAR,4137
977188996056231000,277589139,2,Studio,1,1,1,Riyadh,As Sahafah,True,False,24.81434346,46.60132187,27,4.93,Entire rental unit,"Riyadh, Riyadh Province, Saudi Arabia",CANCEL_FLEXIBLE,1,1,1,1,308,SAR,3690
1082522178033800000,559837367,4,Other,1,1,1,Riyadh,Al Murabba,True,False,24.6699603,46.7227461,13,5.0,Entire serviced apartment,"Riyadh, Riyadh Province, Saudi Arabia",CANCEL_FLEXIBLE,1,1,1,1,262,SAR,3143
54242523,439861574,2,Studio,1,1,1,Riyadh,Al Hamra,True,False,24.81323,46.79102,72,4.76,Entire rental unit,"Riyadh, Riyadh Province, Saudi Arabia",CANCEL_FLEXIBLE,1,1,1,1,164,SAR,1959
1148551019346590000,485885801,3,Studio,1,1,1,Riyadh,Qurtubah,False,False,24.80536262,46.76150333,5,4.8,Entire condo,"Riyadh, Riyadh Province, Saudi Arabia",CANCEL_MODERATE,1,0,1,1,136,SAR,1622
1155547142157220000,498129881,1,Room,1,1,0,Riyadh,Al Ghadeer,True,False,24.76727,46.63047,9,5.0,Entire rental unit,"Riyadh, Riyadh Province, Saudi Arabia",CANCEL_FLEXIBLE,1,0,0,0,106,SAR,736
1079769690527640000,312154751,2,Studio,1,1,1,Riyadh,Al Ghadeer,True,False,24.77060789,46.63111098,19,5.0,Entire condo,"Riyadh, Riyadh Province, Saudi Arabia",CANCEL_FLEXIBLE,1,0,1,1,194,SAR,1358
1184972187465680000,522134619,2,Other,1,1,1,Riyadh,As Sahafah,True,False,24.88163299,46.62508501,10,5.0,Entire rental unit,"Riyadh, Riyadh Province, Saudi Arabia",CANCEL_FLEXIBLE,1,0,1,1,168,SAR,1175
552791275858998000,400383362,3,Studio,1,1,0,Riyadh,As Sahafah,False,False,24.82403693,46.60185043,37,4.89,Entire condo,"Riyadh, Riyadh Province, Saudi Arabia",CANCEL_FLEXIBLE,1,1,1,1,218,SAR,1522
1200038827018230000,440606327,6,Apartment,1,1,1,Riyadh,Al Ghadeer,False,False,24.779788,46.622942,12,4.92,Entire rental unit,"Riyadh, Riyadh Province, Saudi Arabia",CANCEL_FLEXIBLE,1,1,1,0,278,SAR,1945
1050855099500520000,551423215,2,Other,1,1,1,Riyadh,Hittin,True,False,24.77046236,46.61153354,17,5.0,Entire rental unit,"Riyadh, Riyadh Province, Saudi Arabia",CANCEL_FLEXIBLE,1,0,1,1,173,SAR,1208
820988911854904000,430833417,2,Bedroom,1,1,1,Riyadh,As Sahafah,False,False,24.80566,46.6004,70,4.81,Entire rental unit,"Riyadh, Riyadh Province, Saudi Arabia",CANCEL_MODERATE,1,0,1,1,171,SAR,1195
1197108677939350000,469704679,2,Studio,1,1,1,Riyadh,Al Nafel,False,False,24.76893,46.67417,11,4.91,Entire rental unit,"Riyadh, Riyadh Province, Saudi Arabia",CANCEL_FLEXIBLE,1,0,1,1,214,SAR,1497
1105030447082770000,565327311,4,Studio,1,1,2,Riyadh,As Sahafah,True,False,24.8139669,46.6102146,41,4.9,Entire rental unit,"Riyadh, Riyadh Province, Saudi Arabia",CANCEL_FLEXIBLE,1,1,1,1,233,SAR,1631
1179015748367190000,497723396,2,Studio,1,1,1,Riyadh,Al Izdihar,False,False,24.7656043,46.70717578,24,4.88,Entire rental unit,"Riyadh, Riyadh Province, Saudi Arabia",CANCEL_FLEXIBLE,1,0,1,1,167,SAR,1167
1067566052887350000,434487366,2,Studio,1,1,0,Riyadh,As Sahafah,False,False,24.80757986,46.59004169,8,4.88,Entire rental unit,"Riyadh, Riyadh Province, Saudi Arabia",CANCEL_FLEXIBLE,1,1,1,1,145,SAR,1012
1130616571496710000,299093696,2,Studio,1,1,1,Riyadh,Al Malqa,False,False,24.78653144,46.62168851,6,5.0,Entire rental unit,"Riyadh, Riyadh Province, Saudi Arabia",CANCEL_FLEXIBLE,1,1,1,1,177,SAR,1236
1093553578156450000,409564541,2,Studio,1,1,2,Riyadh,Al Ghadeer,True,False,24.77636206,46.62720367,24,4.96,Entire rental unit,"Riyadh, Riyadh Province, Saudi Arabia",CANCEL_STRICT_14_WITH_GRACE_PERIOD,1,0,1,1,177,SAR,1238
1169669991041660000,578679470,3,Apartment,1,1,1,Riyadh,As Sahafah,False,False,24.83337529,46.64543856,12,5.0,Entire rental unit,"Riyadh, Riyadh Province, Saudi Arabia",CANCEL_FLEXIBLE,1,1,1,1,332,SAR,2322
972266376019621000,532343366,2,Studio,1,1,1,Riyadh,Al Nafel,True,False,24.78866432,46.67045816,64,4.98,Entire serviced apartment,"Riyadh, Riyadh Province, Saudi Arabia",CANCEL_MODERATE,1,1,1,1,380,SAR,2660
1200864949229430000,567135375,5,Apartment,1,1,1,Riyadh,Al Olaya,False,False,24.72541614,46.67648155,5,5.0,Entire rental unit,"Riyadh, Riyadh Province, Saudi Arabia",CANCEL_FLEXIBLE,1,1,1,1,316,SAR,2208
981874554354154000,262206128,3,Studio,1,1,2,Riyadh,As Sahafah,True,False,24.8305894,46.5968689,61,4.92,Entire rental unit,"Riyadh, Riyadh Province, Saudi Arabia",CANCEL_FLEXIBLE,1,1,1,1,321,SAR,2243
1086190813205090000,481256335,3,Apartment,1,1,1,Riyadh,Al Nafel,False,False,24.77335,46.68254,11,4.91,Entire rental unit,"Riyadh, Riyadh Province, Saudi Arabia",CANCEL_FLEXIBLE,1,1,1,1,263,SAR,1840
1192802741009840000,518794691,2,Studio,1,1,1,Riyadh,As Sahafah,False,False,24.81382667,46.63099816,16,4.94,Entire rental unit,"Riyadh, Riyadh Province, Saudi Arabia",CANCEL_FLEXIBLE,1,1,1,1,248,SAR,1730
1185003714353040000,522134619,2,Other,1,1,1,Riyadh,As Sahafah,True,False,24.88001234,46.62360741,15,5.0,Entire rental unit,"Riyadh, Riyadh Province, Saudi Arabia",CANCEL_FLEXIBLE,1,0,1,1,168,SAR,1175
1184986386507070000,522134619,2,Other,1,1,1,Riyadh,As Sahafah,True,False,24.88197288,46.62556204,14,4.93,Entire rental unit,"Riyadh, Riyadh Province, Saudi Arabia",CANCEL_FLEXIBLE,1,0,1,1,203,SAR,1420
1142400258589140000,514100163,10,Other,3,2,0,Riyadh,Al Malqa,True,False,24.78067827,46.6199882,27,5.0,Entire rental unit,"Riyadh, Riyadh Province, Saudi Arabia",CANCEL_MODERATE,1,1,1,1,580,SAR,4059
1161623903187900000,454467060,2,Studio,1,1,0,Riyadh,As Sahafah,False,False,24.82083344,46.62853105,8,5.0,Private room in rental unit,"Riyadh, Riyadh Province, Saudi Arabia",CANCEL_FLEXIBLE,1,0,1,0,187,SAR,1305
741744437864833000,410499225,2,Room,1,1,1,Riyadh,An Nakheel,True,False,24.7394,46.65689,161,4.81,Private room in rental unit,"Riyadh, Riyadh Province, Saudi Arabia",CANCEL_FLEXIBLE,1,0,1,1,229,SAR,1598
1203743698803950000,545737008,1,Room,2,1,1,Riyadh,Al Murabba,False,False,24.65920382,46.73373809,4,5.0,Private room in rental unit,"Riyadh, Riyadh Province, Saudi Arabia",CANCEL_MODERATE,1,1,1,0,169,SAR,1177
1098636157843720000,484199104,2,Apartment,1,1,1,Riyadh,Hittin,True,False,24.76945137,46.609254,23,5.0,Entire rental unit,"Riyadh, Riyadh Province, Saudi Arabia",CANCEL_FLEXIBLE,1,1,1,1,353,SAR,2466
820994494652342000,430833417,2,Bedroom,1,1,1,Riyadh,As Sahafah,False,False,24.80663,46.59999,71,4.96,Entire rental unit,"Riyadh, Riyadh Province, Saudi Arabia",CANCEL_MODERATE,1,0,1,1,172,SAR,1204
1144230069531750000,574536630,3,Studio,1,1,0,Riyadh,Al Malqa,True,False,24.7911082,46.62913151,17,4.94,Entire rental unit,"Riyadh, Riyadh Province, Saudi Arabia",CANCEL_FLEXIBLE,1,0,1,1,239,SAR,1669
1216761896348350000,513112784,2,Bedroom,1,1,1,Riyadh,As Sahafah,False,False,24.87407608,46.60638604,3,5.0,Entire rental unit,"Riyadh, Riyadh Province, Saudi Arabia",CANCEL_FLEXIBLE,1,1,0,0,199,SAR,1388
1058131722767040000,553553645,4,Bedroom,1,1,2,Riyadh,As Sahafah,True,False,24.83753584,46.64367377,16,4.94,Entire rental unit,"Riyadh, Riyadh Province, Saudi Arabia",CANCEL_FLEXIBLE,1,1,1,1,302,SAR,2114
865074843786277000,175488176,2,Other,1,1,1,Riyadh,Al Hamra,True,False,24.8006126,46.78937158,18,5.0,Entire rental unit,"Riyadh, Riyadh Province, Saudi Arabia",CANCEL_FLEXIBLE,1,1,1,1,280,SAR,1955
977188996056231000,277589139,2,Studio,1,1,1,Riyadh,As Sahafah,True,False,24.81434346,46.60132187,27,4.93,Entire rental unit,"Riyadh, Riyadh Province, Saudi Arabia",CANCEL_FLEXIBLE,1,1,1,1,308,SAR,2153
54242523,439861574,2,Studio,1,1,1,Riyadh,Al Hamra,True,False,24.81323,46.79102,72,4.76,Entire rental unit,"Riyadh, Riyadh Province, Saudi Arabia",CANCEL_FLEXIBLE,1,1,1,1,165,SAR,1155
1089246006926320000,75661288,2,Studio,1,1,1,Riyadh,Al Olaya,False,False,24.70843937,46.67208349,3,5.0,Entire rental unit,"Riyadh, Riyadh Province, Saudi Arabia",CANCEL_FLEXIBLE,1,1,1,1,162,SAR,1128
1079769690527640000,312154751,2,Studio,1,1,1,Riyadh,Al Ghadeer,True,False,24.77060789,46.63111098,19,5.0,Entire condo,"Riyadh, Riyadh Province, Saudi Arabia",CANCEL_FLEXIBLE,1,0,1,1,177,SAR,1233
1197108677939350000,469704679,2,Studio,1,1,1,Riyadh,Al Nafel,False,False,24.76893,46.67417,11,4.91,Entire rental unit,"Riyadh, Riyadh Province, Saudi Arabia",CANCEL_FLEXIBLE,1,0,1,1,203,SAR,1420
1050855099500520000,551423215,2,Other,1,1,1,Riyadh,Hittin,True,False,24.77046236,46.61153354,17,5.0,Entire rental unit,"Riyadh, Riyadh Province, Saudi Arabia",CANCEL_FLEXIBLE,1,0,1,1,172,SAR,1203
1169669991041660000,578679470,3,Apartment,1,1,1,Riyadh,As Sahafah,False,False,24.83337529,46.64543856,12,5.0,Entire rental unit,"Riyadh, Riyadh Province, Saudi Arabia",CANCEL_FLEXIBLE,1,1,1,1,304,SAR,2123
1161623903187900000,454467060,2,Studio,1,1,0,Riyadh,As Sahafah,False,False,24.82083344,46.62853105,8,5.0,Private room in rental unit,"Riyadh, Riyadh Province, Saudi Arabia",CANCEL_FLEXIBLE,1,0,1,0,169,SAR,1180
1093553578156450000,409564541,2,Studio,1,1,2,Riyadh,Al Ghadeer,True,False,24.77636206,46.62720367,24,4.96,Entire rental unit,"Riyadh, Riyadh Province, Saudi Arabia",CANCEL_STRICT_14_WITH_GRACE_PERIOD,1,0,1,1,168,SAR,1170
1192802741009840000,518794691,2,Studio,1,1,1,Riyadh,As Sahafah,False,False,24.81382667,46.63099816,16,4.94,Entire rental unit,"Riyadh, Riyadh Province, Saudi Arabia",CANCEL_FLEXIBLE,1,1,1,1,241,SAR,1687
1098636157843720000,484199104,2,Apartment,1,1,1,Riyadh,Hittin,True,False,24.76945137,46.609254,23,5.0,Entire rental unit,"Riyadh, Riyadh Province, Saudi Arabia",CANCEL_FLEXIBLE,1,1,1,1,324,SAR,2264
976046633084661000,536014294,2,Other,1,1,1,Riyadh,Al Muruj,True,False,24.7490556,46.6830656,37,4.92,Entire rental unit,"Riyadh, Riyadh Province, Saudi Arabia",CANCEL_FLEXIBLE,1,0,1,1,176,SAR,1228
1142400258589140000,514100163,10,Other,3,2,0,Riyadh,Al Malqa,True,False,24.78067827,46.6199882,27,5.0,Entire rental unit,"Riyadh, Riyadh Province, Saudi Arabia",CANCEL_MODERATE,1,1,1,1,564,SAR,3946
1085636037999760000,320061433,2,Studio,1,1,1,Riyadh,As Sahafah,True,False,24.8014139,46.642782,13,5.0,Entire rental unit,"Riyadh, Riyadh Province, Saudi Arabia",CANCEL_FLEXIBLE,1,1,0,1,225,SAR,1569
1184971521503320000,522134619,2,Other,1,1,1,Riyadh,As Sahafah,True,False,24.88207589,46.62502821,23,5.0,Entire rental unit,"Riyadh, Riyadh Province, Saudi Arabia",CANCEL_FLEXIBLE,1,0,1,1,168,SAR,1175
1209223387875960000,592163137,2,Studio,1,1,1,Riyadh,As Sahafah,False,False,24.82201218,46.63011143,6,5.0,Entire rental unit,"Riyadh, Riyadh Province, Saudi Arabia",CANCEL_FLEXIBLE,1,0,1,0,254,SAR,1774
1202214663152790000,540286646,2,Studio,1,1,1,Riyadh,Al Nafel,True,False,24.76962885,46.67425284,12,5.0,Entire rental unit,"Riyadh, Riyadh Province, Saudi Arabia",CANCEL_MODERATE,1,0,1,1,325,SAR,2275
741744437864833000,410499225,2,Room,1,1,1,Riyadh,An Nakheel,True,False,24.7394,46.65689,161,4.81,Private room in rental unit,"Riyadh, Riyadh Province, Saudi Arabia",CANCEL_FLEXIBLE,1,0,1,1,227,SAR,1586
1112812658492390000,54435565,6,Other,1,3,4,Riyadh,Hittin,True,False,24.75015592,46.58837467,19,5.0,Entire rental unit,"Riyadh, Riyadh Province, Saudi Arabia",CANCEL_FLEXIBLE,1,1,1,1,866,SAR,6062
1087438905323210000,104427789,4,Apartment,1,2,0,Riyadh,As Sahafah,True,False,24.80838545,46.59601757,18,5.0,Entire condo,"Riyadh, Riyadh Province, Saudi Arabia",CANCEL_FLEXIBLE,1,1,1,1,776,SAR,5431
1050077716567850000,444577034,5,Apartment,1,1,1,Riyadh,Al Yasmin,True,False,24.77199385,46.69387125,44,4.95,Entire rental unit,"Riyadh, Riyadh Province, Saudi Arabia",CANCEL_FLEXIBLE,1,1,1,1,304,SAR,2122
1063278614922060000,550223308,2,Studio,1,1,0,Riyadh,As Sahafah,True,False,24.80055635,46.64320908,25,5.0,Entire rental unit,"Riyadh, Riyadh Province, Saudi Arabia",CANCEL_FLEXIBLE,1,1,1,1,245,SAR,1712
1190402965495030000,90914942,3,Other,1,1,1,Riyadh,As Sahafah,True,False,24.81663523,46.63363538,21,5.0,Entire rental unit,"Riyadh, Riyadh Province, Saudi Arabia",CANCEL_FLEXIBLE,1,1,1,1,513,SAR,3585
1155547142157220000,498129881,1,Room,1,1,0,Riyadh,Al Ghadeer,True,False,24.76727,46.63047,9,5.0,Entire rental unit,"Riyadh, Riyadh Province, Saudi Arabia",CANCEL_FLEXIBLE,1,0,0,0,106,SAR,946
1079769690527640000,312154751,2,Studio,1,1,1,Riyadh,Al Ghadeer,True,False,24.77060789,46.63111098,19,5.0,Entire condo,"Riyadh, Riyadh Province, Saudi Arabia",CANCEL_FLEXIBLE,1,0,1,1,188,SAR,1691
1184972187465680000,522134619,2,Other,1,1,1,Riyadh,As Sahafah,True,False,24.88163299,46.62508501,10,5.0,Entire rental unit,"Riyadh, Riyadh Province, Saudi Arabia",CANCEL_FLEXIBLE,1,0,1,1,168,SAR,1508
552791275858998000,400383362,3,Studio,1,1,0,Riyadh,As Sahafah,False,False,24.82403693,46.60185043,37,4.89,Entire condo,"Riyadh, Riyadh Province, Saudi Arabia",CANCEL_FLEXIBLE,1,1,1,1,218,SAR,1956
1200038827018230000,440606327,6,Apartment,1,1,1,Riyadh,Al Ghadeer,False,False,24.779788,46.622942,12,4.92,Entire rental unit,"Riyadh, Riyadh Province, Saudi Arabia",CANCEL_FLEXIBLE,1,1,1,0,275,SAR,2470
1050855099500520000,551423215,2,Other,1,1,1,Riyadh,Hittin,True,False,24.77046236,46.61153354,17,5.0,Entire rental unit,"Riyadh, Riyadh Province, Saudi Arabia",CANCEL_FLEXIBLE,1,0,1,1,172,SAR,1541
1067566052887350000,434487366,2,Studio,1,1,0,Riyadh,As Sahafah,False,False,24.80757986,46.59004169,8,4.88,Entire rental unit,"Riyadh, Riyadh Province, Saudi Arabia",CANCEL_FLEXIBLE,1,1,1,1,145,SAR,1301
1179015748367190000,497723396,2,Studio,1,1,1,Riyadh,Al Izdihar,False,False,24.7656043,46.70717578,24,4.88,Entire rental unit,"Riyadh, Riyadh Province, Saudi Arabia",CANCEL_FLEXIBLE,1,0,1,1,165,SAR,1482
1105030447082770000,565327311,4,Studio,1,1,2,Riyadh,As Sahafah,True,False,24.8139669,46.6102146,41,4.9,Entire rental unit,"Riyadh, Riyadh Province, Saudi Arabia",CANCEL_FLEXIBLE,1,1,1,1,225,SAR,2018
1169669991041660000,578679470,3,Apartment,1,1,1,Riyadh,As Sahafah,False,False,24.83337529,46.64543856,12,5.0,Entire rental unit,"Riyadh, Riyadh Province, Saudi Arabia",CANCEL_FLEXIBLE,1,1,1,1,316,SAR,2838
1197108677939350000,469704679,2,Studio,1,1,1,Riyadh,Al Nafel,False,False,24.76893,46.67417,11,4.91,Entire rental unit,"Riyadh, Riyadh Province, Saudi Arabia",CANCEL_FLEXIBLE,1,0,1,1,211,SAR,1897
1089246006926320000,75661288,2,Studio,1,1,1,Riyadh,Al Olaya,False,False,24.70843937,46.67208349,3,5.0,Entire rental unit,"Riyadh, Riyadh Province, Saudi Arabia",CANCEL_FLEXIBLE,1,1,1,1,162,SAR,1451
972266376019621000,532343366,2,Studio,1,1,1,Riyadh,Al Nafel,True,False,24.78866432,46.67045816,64,4.98,Entire serviced apartment,"Riyadh, Riyadh Province, Saudi Arabia",CANCEL_MODERATE,1,1,1,1,380,SAR,3420
1200864949229430000,567135375,5,Apartment,1,1,1,Riyadh,Al Olaya,False,False,24.72541614,46.67648155,5,5.0,Entire rental unit,"Riyadh, Riyadh Province, Saudi Arabia",CANCEL_FLEXIBLE,1,1,1,1,316,SAR,2838
1192802741009840000,518794691,2,Studio,1,1,1,Riyadh,As Sahafah,False,False,24.81382667,46.63099816,16,4.94,Entire rental unit,"Riyadh, Riyadh Province, Saudi Arabia",CANCEL_FLEXIBLE,1,1,1,1,244,SAR,2192
1086190813205090000,481256335,3,Apartment,1,1,1,Riyadh,Al Nafel,False,False,24.77335,46.68254,11,4.91,Entire rental unit,"Riyadh, Riyadh Province, Saudi Arabia",CANCEL_FLEXIBLE,1,1,1,1,263,SAR,2365
1093553578156450000,409564541,2,Studio,1,1,2,Riyadh,Al Ghadeer,True,False,24.77636206,46.62720367,24,4.96,Entire rental unit,"Riyadh, Riyadh Province, Saudi Arabia",CANCEL_STRICT_14_WITH_GRACE_PERIOD,1,0,1,1,172,SAR,1548
820988911854904000,430833417,2,Bedroom,1,1,1,Riyadh,As Sahafah,False,False,24.80566,46.6004,70,4.81,Entire rental unit,"Riyadh, Riyadh Province, Saudi Arabia",CANCEL_MODERATE,1,0,1,1,174,SAR,1562
1161623903187900000,454467060,2,Studio,1,1,0,Riyadh,As Sahafah,False,False,24.82083344,46.62853105,8,5.0,Private room in rental unit,"Riyadh, Riyadh Province, Saudi Arabia",CANCEL_FLEXIBLE,1,0,1,0,181,SAR,1626
1185003714353040000,522134619,2,Other,1,1,1,Riyadh,As Sahafah,True,False,24.88001234,46.62360741,15,5.0,Entire rental unit,"Riyadh, Riyadh Province, Saudi Arabia",CANCEL_FLEXIBLE,1,0,1,1,168,SAR,1508
981874554354154000,262206128,3,Studio,1,1,2,Riyadh,As Sahafah,True,False,24.8305894,46.5968689,61,4.92,Entire rental unit,"Riyadh, Riyadh Province, Saudi Arabia",CANCEL_FLEXIBLE,1,1,1,1,319,SAR,2870
1184986386507070000,522134619,2,Other,1,1,1,Riyadh,As Sahafah,True,False,24.88197288,46.62556204,14,4.93,Entire rental unit,"Riyadh, Riyadh Province, Saudi Arabia",CANCEL_FLEXIBLE,1,0,1,1,203,SAR,1820
1098636157843720000,484199104,2,Apartment,1,1,1,Riyadh,Hittin,True,False,24.76945137,46.609254,23,5.0,Entire rental unit,"Riyadh, Riyadh Province, Saudi Arabia",CANCEL_FLEXIBLE,1,1,1,1,342,SAR,3072
1087438905323210000,104427789,4,Apartment,1,2,0,Riyadh,As Sahafah,True,False,24.80838545,46.59601757,18,5.0,Entire condo,"Riyadh, Riyadh Province, Saudi Arabia",CANCEL_FLEXIBLE,1,1,1,1,756,SAR,6798
1203743698803950000,545737008,1,Room,2,1,1,Riyadh,Al Murabba,False,False,24.65920382,46.73373809,4,5.0,Private room in rental unit,"Riyadh, Riyadh Province, Saudi Arabia",CANCEL_MODERATE,1,1,1,0,169,SAR,1514
1058131722767040000,553553645,4,Bedroom,1,1,2,Riyadh,As Sahafah,True,False,24.83753584,46.64367377,16,4.94,Entire rental unit,"Riyadh, Riyadh Province, Saudi Arabia",CANCEL_FLEXIBLE,1,1,1,1,300,SAR,2695
1144230069531750000,574536630,3,Studio,1,1,0,Riyadh,Al Malqa,True,False,24.7911082,46.62913151,17,4.94,Entire rental unit,"Riyadh, Riyadh Province, Saudi Arabia",CANCEL_FLEXIBLE,1,0,1,1,237,SAR,2128
1208277962228440000,564002534,4,Studio,1,1,1,Riyadh,Al Yasmin,True,False,24.80054,46.70737,14,5.0,Entire rental unit,"Riyadh, Riyadh Province, Saudi Arabia",CANCEL_FLEXIBLE,1,1,1,1,244,SAR,2195
54242523,439861574,2,Studio,1,1,1,Riyadh,Al Hamra,True,False,24.81323,46.79102,72,4.76,Entire rental unit,"Riyadh, Riyadh Province, Saudi Arabia",CANCEL_FLEXIBLE,1,1,1,1,162,SAR,1457
1216761896348350000,513112784,2,Bedroom,1,1,1,Riyadh,As Sahafah,False,False,24.87407608,46.60638604,3,5.0,Entire rental unit,"Riyadh, Riyadh Province, Saudi Arabia",CANCEL_FLEXIBLE,1,1,0,0,199,SAR,1784
820994494652342000,430833417,2,Bedroom,1,1,1,Riyadh,As Sahafah,False,False,24.80663,46.59999,71,4.96,Entire rental unit,"Riyadh, Riyadh Province, Saudi Arabia",CANCEL_MODERATE,1,0,1,1,175,SAR,1572
865074843786277000,175488176,2,Other,1,1,1,Riyadh,Al Hamra,True,False,24.8006126,46.78937158,18,5.0,Entire rental unit,"Riyadh, Riyadh Province, Saudi Arabia",CANCEL_FLEXIBLE,1,1,1,1,280,SAR,2515
741744437864833000,410499225,2,Room,1,1,1,Riyadh,An Nakheel,True,False,24.7394,46.65689,161,4.81,Private room in rental unit,"Riyadh, Riyadh Province, Saudi Arabia",CANCEL_FLEXIBLE,1,0,1,1,229,SAR,2052
1006078382721000000,93316642,4,Other,2,1,1,Riyadh,Qurtubah,True,False,24.82813275,46.74393848,8,5.0,Entire rental unit,"Riyadh, Riyadh Province, Saudi Arabia",CANCEL_FLEXIBLE,1,1,1,1,345,SAR,3103
977188996056231000,277589139,2,Studio,1,1,1,Riyadh,As Sahafah,True,False,24.81434346,46.60132187,27,4.93,Entire rental unit,"Riyadh, Riyadh Province, Saudi Arabia",CANCEL_FLEXIBLE,1,1,1,1,308,SAR,2768
1132375071501470000,462074338,4,Apartment,1,1,1,Riyadh,Al Ghadeer,True,False,24.77595657,46.62829617,3,5.0,Entire rental unit,"Riyadh, Riyadh Province, Saudi Arabia",CANCEL_FLEXIBLE,1,0,1,0,194,SAR,1745
1079769690527640000,312154751,2,Studio,1,1,1,Riyadh,Al Ghadeer,True,False,24.77060789,46.63111098,19,5.0,Entire condo,"Riyadh, Riyadh Province, Saudi Arabia",CANCEL_FLEXIBLE,1,0,1,1,183,SAR,2553
1155547142157220000,498129881,1,Room,1,1,0,Riyadh,Al Ghadeer,True,False,24.76727,46.63047,9,5.0,Entire rental unit,"Riyadh, Riyadh Province, Saudi Arabia",CANCEL_FLEXIBLE,1,0,0,0,106,SAR,1472
1200038827018230000,440606327,6,Apartment,1,1,1,Riyadh,Al Ghadeer,False,False,24.779788,46.622942,12,4.92,Entire rental unit,"Riyadh, Riyadh Province, Saudi Arabia",CANCEL_FLEXIBLE,1,1,1,0,266,SAR,3717
552791275858998000,400383362,3,Studio,1,1,0,Riyadh,As Sahafah,False,False,24.82403693,46.60185043,37,4.89,Entire condo,"Riyadh, Riyadh Province, Saudi Arabia",CANCEL_FLEXIBLE,1,1,1,1,218,SAR,3044
1184972187465680000,522134619,2,Other,1,1,1,Riyadh,As Sahafah,True,False,24.88163299,46.62508501,10,5.0,Entire rental unit,"Riyadh, Riyadh Province, Saudi Arabia",CANCEL_FLEXIBLE,1,0,1,1,168,SAR,2341
1067566052887350000,434487366,2,Studio,1,1,0,Riyadh,As Sahafah,False,False,24.80757986,46.59004169,8,4.88,Entire rental unit,"Riyadh, Riyadh Province, Saudi Arabia",CANCEL_FLEXIBLE,1,1,1,1,145,SAR,2023
1105030447082770000,565327311,4,Studio,1,1,2,Riyadh,As Sahafah,True,False,24.8139669,46.6102146,41,4.9,Entire rental unit,"Riyadh, Riyadh Province, Saudi Arabia",CANCEL_FLEXIBLE,1,1,1,1,214,SAR,2985
972266376019621000,532343366,2,Studio,1,1,1,Riyadh,Al Nafel,True,False,24.78866432,46.67045816,64,4.98,Entire serviced apartment,"Riyadh, Riyadh Province, Saudi Arabia",CANCEL_MODERATE,1,1,1,1,380,SAR,5320
1169669991041660000,578679470,3,Apartment,1,1,1,Riyadh,As Sahafah,False,False,24.83337529,46.64543856,12,5.0,Entire rental unit,"Riyadh, Riyadh Province, Saudi Arabia",CANCEL_FLEXIBLE,1,1,1,1,319,SAR,4466
1161623903187900000,454467060,2,Studio,1,1,0,Riyadh,As Sahafah,False,False,24.82083344,46.62853105,8,5.0,Private room in rental unit,"Riyadh, Riyadh Province, Saudi Arabia",CANCEL_FLEXIBLE,1,0,1,0,174,SAR,2431
1192802741009840000,518794691,2,Studio,1,1,1,Riyadh,As Sahafah,False,False,24.81382667,46.63099816,16,4.94,Entire rental unit,"Riyadh, Riyadh Province, Saudi Arabia",CANCEL_FLEXIBLE,1,1,1,1,248,SAR,3460
1089246006926320000,75661288,2,Studio,1,1,1,Riyadh,Al Olaya,False,False,24.70843937,46.67208349,3,5.0,Entire rental unit,"Riyadh, Riyadh Province, Saudi Arabia",CANCEL_FLEXIBLE,1,1,1,1,162,SAR,2257
1098636157843720000,484199104,2,Apartment,1,1,1,Riyadh,Hittin,True,False,24.76945137,46.609254,23,5.0,Entire rental unit,"Riyadh, Riyadh Province, Saudi Arabia",CANCEL_FLEXIBLE,1,1,1,1,338,SAR,4729
1179015748367190000,497723396,2,Studio,1,1,1,Riyadh,Al Izdihar,False,False,24.7656043,46.70717578,24,4.88,Entire rental unit,"Riyadh, Riyadh Province, Saudi Arabia",CANCEL_FLEXIBLE,1,0,1,1,167,SAR,2334
1122995387128120000,380928684,4,Apartment,1,1,0,Riyadh,Al Manar,True,False,24.69446015,46.81457945,3,5.0,Entire rental unit,"Riyadh, Riyadh Province, Saudi Arabia",CANCEL_FLEXIBLE,1,1,1,0,122,SAR,1706
1185090968523180000,522134619,2,Other,1,1,1,Riyadh,As Sahafah,True,False,24.88018145,46.6237049,4,5.0,Entire rental unit,"Riyadh, Riyadh Province, Saudi Arabia",CANCEL_FLEXIBLE,1,0,1,1,168,SAR,2341
1200864949229430000,567135375,5,Apartment,1,1,1,Riyadh,Al Olaya,False,False,24.72541614,46.67648155,5,5.0,Entire rental unit,"Riyadh, Riyadh Province, Saudi Arabia",CANCEL_FLEXIBLE,1,1,1,1,316,SAR,4415
1132375071501470000,462074338,4,Apartment,1,1,1,Riyadh,Al Ghadeer,True,False,24.77595657,46.62829617,3,5.0,Entire rental unit,"Riyadh, Riyadh Province, Saudi Arabia",CANCEL_FLEXIBLE,1,0,1,0,198,SAR,2770
1185003714353040000,522134619,2,Other,1,1,1,Riyadh,As Sahafah,True,False,24.88001234,46.62360741,15,5.0,Entire rental unit,"Riyadh, Riyadh Province, Saudi Arabia",CANCEL_FLEXIBLE,1,0,1,1,168,SAR,2341
1093553578156450000,409564541,2,Studio,1,1,2,Riyadh,Al Ghadeer,True,False,24.77636206,46.62720367,24,4.96,Entire rental unit,"Riyadh, Riyadh Province, Saudi Arabia",CANCEL_STRICT_14_WITH_GRACE_PERIOD,1,0,1,1,179,SAR,2495
1184986386507070000,522134619,2,Other,1,1,1,Riyadh,As Sahafah,True,False,24.88197288,46.62556204,14,4.93,Entire rental unit,"Riyadh, Riyadh Province, Saudi Arabia",CANCEL_FLEXIBLE,1,0,1,1,202,SAR,2818
1050855099500520000,551423215,2,Other,1,1,1,Riyadh,Hittin,True,False,24.77046236,46.61153354,17,5.0,Entire rental unit,"Riyadh, Riyadh Province, Saudi Arabia",CANCEL_FLEXIBLE,1,0,1,1,173,SAR,2411
981874554354154000,262206128,3,Studio,1,1,2,Riyadh,As Sahafah,True,False,24.8305894,46.5968689,61,4.92,Entire rental unit,"Riyadh, Riyadh Province, Saudi Arabia",CANCEL_FLEXIBLE,1,1,1,1,318,SAR,4450
1130807053761050000,557083466,4,Apartment,1,1,0,Riyadh,Al Ghadeer,True,False,24.7705966,46.6330897,5,5.0,Entire rental unit,"Riyadh, Riyadh Province, Saudi Arabia",CANCEL_MODERATE,1,1,1,0,338,SAR,4719
1203743698803950000,545737008,1,Room,2,1,1,Riyadh,Al Murabba,False,False,24.65920382,46.73373809,4,5.0,Private room in rental unit,"Riyadh, Riyadh Province, Saudi Arabia",CANCEL_MODERATE,1,1,1,0,169,SAR,2355
1209223387875960000,592163137,2,Studio,1,1,1,Riyadh,As Sahafah,False,False,24.82201218,46.63011143,6,5.0,Entire rental unit,"Riyadh, Riyadh Province, Saudi Arabia",CANCEL_FLEXIBLE,1,0,1,0,263,SAR,3682
1058131722767040000,553553645,4,Bedroom,1,1,2,Riyadh,As Sahafah,True,False,24.83753584,46.64367377,16,4.94,Entire rental unit,"Riyadh, Riyadh Province, Saudi Arabia",CANCEL_FLEXIBLE,1,1,1,1,300,SAR,4193
1169460310350140000,411678123,2,Apartment,1,1,1,Riyadh,Al Malqa,True,False,24.79395559,46.61969228,8,5.0,Entire rental unit,"Riyadh, Riyadh Province, Saudi Arabia",CANCEL_MODERATE,1,1,1,1,282,SAR,3943
1216761896348350000,513112784,2,Bedroom,1,1,1,Riyadh,As Sahafah,False,False,24.87407608,46.60638604,3,5.0,Entire rental unit,"Riyadh, Riyadh Province, Saudi Arabia",CANCEL_FLEXIBLE,1,1,0,0,199,SAR,2774
865074843786277000,175488176,2,Other,1,1,1,Riyadh,Al Hamra,True,False,24.8006126,46.78937158,18,5.0,Entire rental unit,"Riyadh, Riyadh Province, Saudi Arabia",CANCEL_FLEXIBLE,1,1,1,1,280,SAR,3912
820988911854904000,430833417,2,Bedroom,1,1,1,Riyadh,As Sahafah,False,False,24.80566,46.6004,70,4.81,Entire rental unit,"Riyadh, Riyadh Province, Saudi Arabia",CANCEL_MODERATE,1,0,1,1,174,SAR,2432
1006078382721000000,93316642,4,Other,2,1,1,Riyadh,Qurtubah,True,False,24.82813275,46.74393848,8,5.0,Entire rental unit,"Riyadh, Riyadh Province, Saudi Arabia",CANCEL_FLEXIBLE,1,1,1,1,345,SAR,4827
977188996056231000,277589139,2,Studio,1,1,1,Riyadh,As Sahafah,True,False,24.81434346,46.60132187,27,4.93,Entire rental unit,"Riyadh, Riyadh Province, Saudi Arabia",CANCEL_FLEXIBLE,1,1,1,1,308,SAR,4304
54242523,439861574,2,Studio,1,1,1,Riyadh,Al Hamra,True,False,24.81323,46.79102,72,4.76,Entire rental unit,"Riyadh, Riyadh Province, Saudi Arabia",CANCEL_FLEXIBLE,1,1,1,1,165,SAR,2310
1148551019346590000,485885801,3,Studio,1,1,1,Riyadh,Qurtubah,False,False,24.80536262,46.76150333,5,4.8,Entire condo,"Riyadh, Riyadh Province, Saudi Arabia",CANCEL_MODERATE,1,0,1,1,138,SAR,1931
792078507402919000,457114904,2,Suite,1,1,1,Riyadh,Al Rawdah,True,False,24.76449,46.73123,128,4.92,Entire rental unit,"Riyadh, Riyadh Province, Saudi Arabia",CANCEL_FLEXIBLE,1,1,1,0,247,SAR,3448
1067566052887350000,434487366,2,Studio,1,1,0,Riyadh,As Sahafah,False,False,24.80757986,46.59004169,8,4.88,Entire rental unit,"Riyadh, Riyadh Province, Saudi Arabia",CANCEL_FLEXIBLE,1,1,1,1,145,SAR,3614
54021160,75661288,2,Studio,1,1,1,Riyadh,Al Olaya,False,False,24.70718,46.67169,5,3.8,Entire rental unit,"Riyadh, Riyadh Province, Saudi Arabia",CANCEL_MODERATE,1,1,1,1,151,SAR,3761
1122995387128120000,380928684,4,Apartment,1,1,0,Riyadh,Al Manar,True,False,24.69446015,46.81457945,3,5.0,Entire rental unit,"Riyadh, Riyadh Province, Saudi Arabia",CANCEL_FLEXIBLE,1,1,1,0,119,SAR,2955
820988911854904000,430833417,2,Bedroom,1,1,1,Riyadh,As Sahafah,False,False,24.80566,46.6004,70,4.81,Entire rental unit,"Riyadh, Riyadh Province, Saudi Arabia",CANCEL_MODERATE,1,0,1,1,176,SAR,4380
1093553578156450000,409564541,2,Studio,1,1,2,Riyadh,Al Ghadeer,True,False,24.77636206,46.62720367,24,4.96,Entire rental unit,"Riyadh, Riyadh Province, Saudi Arabia",CANCEL_STRICT_14_WITH_GRACE_PERIOD,1,0,1,1,189,SAR,4718
54242523,439861574,2,Studio,1,1,1,Riyadh,Al Hamra,True,False,24.81323,46.79102,72,4.76,Entire rental unit,"Riyadh, Riyadh Province, Saudi Arabia",CANCEL_FLEXIBLE,1,1,1,1,167,SAR,4169
1184986386507070000,522134619,2,Other,1,1,1,Riyadh,As Sahafah,True,False,24.88197288,46.62556204,14,4.93,Entire rental unit,"Riyadh, Riyadh Province, Saudi Arabia",CANCEL_FLEXIBLE,1,0,1,1,201,SAR,5015
1185090968523180000,522134619,2,Other,1,1,1,Riyadh,As Sahafah,True,False,24.88018145,46.6237049,4,5.0,Entire rental unit,"Riyadh, Riyadh Province, Saudi Arabia",CANCEL_FLEXIBLE,1,0,1,1,167,SAR,4171
992845734022009000,498129881,2,Apartment,1,1,1,Riyadh,Al Malqa,True,False,24.78947839,46.61583336,5,4.4,Entire rental unit,"Riyadh, Riyadh Province, Saudi Arabia",CANCEL_BETTER_STRICT_WITH_GRACE_PERIOD,1,1,1,1,176,SAR,4380
1143693018781370000,403011175,2,Studio,1,1,1,Riyadh,As Sahafah,False,False,24.81312077,46.65685037,10,5.0,Entire rental unit,"Riyadh, Riyadh Province, Saudi Arabia",CANCEL_MODERATE,1,1,1,1,223,SAR,5568
792078507402919000,457114904,2,Suite,1,1,1,Riyadh,Al Rawdah,True,False,24.76449,46.73123,128,4.92,Entire rental unit,"Riyadh, Riyadh Province, Saudi Arabia",CANCEL_FLEXIBLE,1,1,1,0,245,SAR,6112
977188996056231000,277589139,2,Studio,1,1,1,Riyadh,As Sahafah,True,False,24.81434346,46.60132187,27,4.93,Entire rental unit,"Riyadh, Riyadh Province, Saudi Arabia",CANCEL_FLEXIBLE,1,1,1,1,308,SAR,7688
981874554354154000,262206128,3,Studio,1,1,2,Riyadh,As Sahafah,True,False,24.8305894,46.5968689,61,4.92,Entire rental unit,"Riyadh, Riyadh Province, Saudi Arabia",CANCEL_FLEXIBLE,1,1,1,1,318,SAR,7937
1031193302375280000,530421047,2,Suite,1,1,1,Riyadh,Al Malqa,False,False,24.78179359,46.61932569,3,5.0,Entire guest suite,"Riyadh, Riyadh Province, Saudi Arabia",CANCEL_FLEXIBLE,1,1,1,1,287,SAR,7169
1209223387875960000,592163137,2,Studio,1,1,1,Riyadh,As Sahafah,False,False,24.82201218,46.63011143,6,5.0,Entire rental unit,"Riyadh, Riyadh Province, Saudi Arabia",CANCEL_FLEXIBLE,1,0,1,0,256,SAR,6396
1130807053761050000,557083466,4,Apartment,1,1,0,Riyadh,Al Ghadeer,True,False,24.7705966,46.6330897,5,5.0,Entire rental unit,"Riyadh, Riyadh Province, Saudi Arabia",CANCEL_MODERATE,1,1,1,0,335,SAR,8363
1184974537495700000,522134619,2,Other,1,1,1,Riyadh,As Sahafah,True,False,24.88178087,46.62493625,11,5.0,Entire rental unit,"Riyadh, Riyadh Province, Saudi Arabia",CANCEL_FLEXIBLE,1,0,1,1,167,SAR,4171
1203743698803950000,545737008,1,Room,2,1,1,Riyadh,Al Murabba,False,False,24.65920382,46.73373809,4,5.0,Private room in rental unit,"Riyadh, Riyadh Province, Saudi Arabia",CANCEL_MODERATE,1,1,1,0,169,SAR,4205
1185058734621850000,522134619,2,Other,1,1,1,Riyadh,As Sahafah,True,False,24.88078923,46.62514683,9,5.0,Entire rental unit,"Riyadh, Riyadh Province, Saudi Arabia",CANCEL_FLEXIBLE,1,0,1,1,167,SAR,4171
1049259947287310000,530929474,2,Studio,1,1,1,Riyadh,Al Nafel,True,False,24.76449244,46.67297446,18,5.0,Private room in rental unit,"Riyadh, Riyadh Province, Saudi Arabia",CANCEL_FLEXIBLE,1,1,1,1,181,SAR,4510
1169460310350140000,411678123,2,Apartment,1,1,1,Riyadh,Al Malqa,True,False,24.79395559,46.61969228,8,5.0,Entire rental unit,"Riyadh, Riyadh Province, Saudi Arabia",CANCEL_MODERATE,1,1,1,1,284,SAR,7093
1212330047394520000,593128606,2,Studio,2,1,1,Riyadh,Al Malqa,False,False,24.7913681,46.6528455,3,5.0,Entire rental unit,"Riyadh, Riyadh Province, Saudi Arabia",CANCEL_FLEXIBLE,1,0,1,1,223,SAR,5571
1144230069531750000,574536630,3,Studio,1,1,0,Riyadh,Al Malqa,True,False,24.7911082,46.62913151,17,4.94,Entire rental unit,"Riyadh, Riyadh Province, Saudi Arabia",CANCEL_FLEXIBLE,1,0,1,1,248,SAR,6195
1213720654688020000,593520079,4,Apartment,1,1,1,Riyadh,Hittin,False,False,24.77025415,46.61579221,3,5.0,Entire rental unit,"Riyadh, Riyadh Province, Saudi Arabia",CANCEL_FLEXIBLE,1,1,0,1,287,SAR,7172
964086362728047000,462137098,3,Apartment,1,1,1,Riyadh,Al Malqa,True,False,24.78567941,46.62616732,53,5.0,Entire rental unit,"Riyadh, Riyadh Province, Saudi Arabia",CANCEL_STRICT_14_WITH_GRACE_PERIOD,1,1,1,1,314,SAR,7827
1203590645453590000,590364121,3,Studio,1,1,1,Riyadh,As Sahafah,False,False,24.81752735,46.6037886,5,4.8,Entire rental unit,"Riyadh, Riyadh Province, Saudi Arabia",CANCEL_FLEXIBLE,1,1,0,1,186,SAR,4631
1073878661892160000,82511287,3,Room,1,1,1,Riyadh,Qurtubah,True,False,24.80926307,46.77332695,15,4.93,Entire rental unit,"Riyadh, Riyadh Province, Saudi Arabia",CANCEL_BETTER_STRICT_WITH_GRACE_PERIOD,1,1,1,1,246,SAR,6132
886298392953067000,513634390,3,Apartment,1,1,1,Riyadh,Al Yasmin,True,False,24.80075,46.70821,26,4.88,Entire rental unit,"Riyadh, Riyadh Province, Saudi Arabia",CANCEL_FLEXIBLE,1,1,1,1,286,SAR,7139
1155547142157220000,498129881,1,Room,1,1,0,Riyadh,Al Ghadeer,True,False,24.76727,46.63047,9,5.0,Entire rental unit,"Riyadh, Riyadh Province, Saudi Arabia",CANCEL_FLEXIBLE,1,0,0,0,105,SAR,420
1184972187465680000,522134619,2,Other,1,1,1,Riyadh,As Sahafah,True,False,24.88163299,46.62508501,10,5.0,Entire rental unit,"Riyadh, Riyadh Province, Saudi Arabia",CANCEL_FLEXIBLE,1,0,1,1,178,SAR,711
1197108677939350000,469704679,2,Studio,1,1,1,Riyadh,Al Nafel,False,False,24.76893,46.67417,11,4.91,Entire rental unit,"Riyadh, Riyadh Province, Saudi Arabia",CANCEL_FLEXIBLE,1,0,1,1,216,SAR,864
1079769690527640000,312154751,2,Studio,1,1,1,Riyadh,Al Ghadeer,True,False,24.77060789,46.63111098,19,5.0,Entire condo,"Riyadh, Riyadh Province, Saudi Arabia",CANCEL_FLEXIBLE,1,0,1,1,228,SAR,911
820988911854904000,430833417,2,Bedroom,1,1,1,Riyadh,As Sahafah,False,False,24.80566,46.6004,70,4.81,Entire rental unit,"Riyadh, Riyadh Province, Saudi Arabia",CANCEL_MODERATE,1,0,1,1,179,SAR,715
1200038827018230000,440606327,6,Apartment,1,1,1,Riyadh,Al Ghadeer,False,False,24.779788,46.622942,12,4.92,Entire rental unit,"Riyadh, Riyadh Province, Saudi Arabia",CANCEL_FLEXIBLE,1,1,1,0,306,SAR,1221
1050855099500520000,551423215,2,Other,1,1,1,Riyadh,Hittin,True,False,24.77046236,46.61153354,17,5.0,Entire rental unit,"Riyadh, Riyadh Province, Saudi Arabia",CANCEL_FLEXIBLE,1,0,1,1,190,SAR,757
552791275858998000,400383362,3,Studio,1,1,0,Riyadh,As Sahafah,False,False,24.82403693,46.60185043,37,4.89,Entire condo,"Riyadh, Riyadh Province, Saudi Arabia",CANCEL_FLEXIBLE,1,1,1,1,256,SAR,1023
972266376019621000,532343366,2,Studio,1,1,1,Riyadh,Al Nafel,True,False,24.78866432,46.67045816,64,4.98,Entire serviced apartment,"Riyadh, Riyadh Province, Saudi Arabia",CANCEL_MODERATE,1,1,1,1,400,SAR,1600
1193727868285160000,285371341,4,Studio,1,1,1,Riyadh,Al Ghadeer,False,False,24.77003313,46.62620321,19,5.0,Entire rental unit,"Riyadh, Riyadh Province, Saudi Arabia",CANCEL_BETTER_STRICT_WITH_GRACE_PERIOD,1,1,0,1,379,SAR,1516
981874554354154000,262206128,3,Studio,1,1,2,Riyadh,As Sahafah,True,False,24.8305894,46.5968689,61,4.92,Entire rental unit,"Riyadh, Riyadh Province, Saudi Arabia",CANCEL_FLEXIBLE,1,1,1,1,346,SAR,1384
1144230069531750000,574536630,3,Studio,1,1,0,Riyadh,Al Malqa,True,False,24.7911082,46.62913151,17,4.94,Entire rental unit,"Riyadh, Riyadh Province, Saudi Arabia",CANCEL_FLEXIBLE,1,0,1,1,246,SAR,982
1192802741009840000,518794691,2,Studio,1,1,1,Riyadh,As Sahafah,False,False,24.81382667,46.63099816,16,4.94,Entire rental unit,"Riyadh, Riyadh Province, Saudi Arabia",CANCEL_FLEXIBLE,1,1,1,1,269,SAR,1075
1133150358200800000,498129881,2,Room,1,1,0,Riyadh,Al Malqa,True,False,24.78942728,46.61530678,5,5.0,Entire rental unit,"Riyadh, Riyadh Province, Saudi Arabia",CANCEL_BETTER_STRICT_WITH_GRACE_PERIOD,1,0,1,0,233,SAR,931
1190402965495030000,90914942,3,Other,1,1,1,Riyadh,As Sahafah,True,False,24.81663523,46.63363538,21,5.0,Entire rental unit,"Riyadh, Riyadh Province, Saudi Arabia",CANCEL_FLEXIBLE,1,1,1,1,591,SAR,2363
1142400258589140000,514100163,10,Other,3,2,0,Riyadh,Al Malqa,True,False,24.78067827,46.6199882,27,5.0,Entire rental unit,"Riyadh, Riyadh Province, Saudi Arabia",CANCEL_MODERATE,1,1,1,1,680,SAR,2720
1105030447082770000,565327311,4,Studio,1,1,2,Riyadh,As Sahafah,True,False,24.8139669,46.6102146,41,4.9,Entire rental unit,"Riyadh, Riyadh Province, Saudi Arabia",CANCEL_FLEXIBLE,1,1,1,1,291,SAR,1162
1184974537495700000,522134619,2,Other,1,1,1,Riyadh,As Sahafah,True,False,24.88178087,46.62493625,11,5.0,Entire rental unit,"Riyadh, Riyadh Province, Saudi Arabia",CANCEL_FLEXIBLE,1,0,1,1,178,SAR,711
1169669991041660000,578679470,3,Apartment,1,1,1,Riyadh,As Sahafah,False,False,24.83337529,46.64543856,12,5.0,Entire rental unit,"Riyadh, Riyadh Province, Saudi Arabia",CANCEL_FLEXIBLE,1,1,1,1,406,SAR,1624
1156676475515920000,435171413,3,Other,1,1,1,Riyadh,Al Nafel,False,False,24.79872,46.66291,17,5.0,Entire rental unit,"Riyadh, Riyadh Province, Saudi Arabia",CANCEL_FLEXIBLE,1,0,0,1,257,SAR,1028
1184971521503320000,522134619,2,Other,1,1,1,Riyadh,As Sahafah,True,False,24.88207589,46.62502821,23,5.0,Entire rental unit,"Riyadh, Riyadh Province, Saudi Arabia",CANCEL_FLEXIBLE,1,0,1,1,178,SAR,711
1185003714353040000,522134619,2,Other,1,1,1,Riyadh,As Sahafah,True,False,24.88001234,46.62360741,15,5.0,Entire rental unit,"Riyadh, Riyadh Province, Saudi Arabia",CANCEL_FLEXIBLE,1,0,1,1,178,SAR,711
820994494652342000,430833417,2,Bedroom,1,1,1,Riyadh,As Sahafah,False,False,24.80663,46.59999,71,4.96,Entire rental unit,"Riyadh, Riyadh Province, Saudi Arabia",CANCEL_MODERATE,1,0,1,1,181,SAR,724
1093553578156450000,409564541,2,Studio,1,1,2,Riyadh,Al Ghadeer,True,False,24.77636206,46.62720367,24,4.96,Entire rental unit,"Riyadh, Riyadh Province, Saudi Arabia",CANCEL_STRICT_14_WITH_GRACE_PERIOD,1,0,1,1,203,SAR,809
1086190813205090000,481256335,3,Apartment,1,1,1,Riyadh,Al Nafel,False,False,24.77335,46.68254,11,4.91,Entire rental unit,"Riyadh, Riyadh Province, Saudi Arabia",CANCEL_FLEXIBLE,1,1,1,1,292,SAR,1168
1202214663152790000,540286646,2,Studio,1,1,1,Riyadh,Al Nafel,True,False,24.76962885,46.67425284,12,5.0,Entire rental unit,"Riyadh, Riyadh Province, Saudi Arabia",CANCEL_MODERATE,1,0,1,1,387,SAR,1545
1200864949229430000,567135375,5,Apartment,1,1,1,Riyadh,Al Olaya,False,False,24.72541614,46.67648155,5,5.0,Entire rental unit,"Riyadh, Riyadh Province, Saudi Arabia",CANCEL_FLEXIBLE,1,1,1,1,351,SAR,1402
1087438905323210000,104427789,4,Apartment,1,2,0,Riyadh,As Sahafah,True,False,24.80838545,46.59601757,18,5.0,Entire condo,"Riyadh, Riyadh Province, Saudi Arabia",CANCEL_FLEXIBLE,1,1,1,1,935,SAR,3738
1033034131422080000,521440822,2,Studio,1,1,1,Riyadh,Al Malqa,True,False,24.78525261,46.63171967,56,4.89,Private room in rental unit,"Riyadh, Riyadh Province, Saudi Arabia",CANCEL_FLEXIBLE,1,0,0,1,234,SAR,934
741744437864833000,410499225,2,Room,1,1,1,Riyadh,An Nakheel,True,False,24.7394,46.65689,161,4.81,Private room in rental unit,"Riyadh, Riyadh Province, Saudi Arabia",CANCEL_FLEXIBLE,1,0,1,1,243,SAR,969
1035749330132880000,497723396,2,Studio,1,1,1,Riyadh,Al Izdihar,False,False,24.76575813,46.70763448,45,4.96,Entire rental unit,"Riyadh, Riyadh Province, Saudi Arabia",CANCEL_MODERATE,1,0,1,1,230,SAR,920
723821219720016000,451390851,2,Studio,1,1,1,Riyadh,Al Malqa,True,False,24.79426457,46.61853657,7,4.86,Entire condo,"Riyadh, Riyadh Province, Saudi Arabia",CANCEL_FLEXIBLE,1,1,1,1,322,SAR,1285
977188996056231000,277589139,2,Studio,1,1,1,Riyadh,As Sahafah,True,False,24.81434346,46.60132187,27,4.93,Entire rental unit,"Riyadh, Riyadh Province, Saudi Arabia",CANCEL_FLEXIBLE,1,1,1,1,342,SAR,1367
1208277962228440000,564002534,4,Studio,1,1,1,Riyadh,Al Yasmin,True,False,24.80054,46.70737,14,5.0,Entire rental unit,"Riyadh, Riyadh Province, Saudi Arabia",CANCEL_FLEXIBLE,1,1,1,1,269,SAR,1075
1130616571496710000,299093696,2,Studio,1,1,1,Riyadh,Al Malqa,False,False,24.78653144,46.62168851,6,5.0,Entire rental unit,"Riyadh, Riyadh Province, Saudi Arabia",CANCEL_FLEXIBLE,1,1,1,1,202,SAR,806
1096780764601880000,128590987,2,Studio,1,1,1,Riyadh,Al Malqa,True,False,24.78526099,46.63177148,39,4.97,Private room in rental unit,"Riyadh, Riyadh Province, Saudi Arabia",CANCEL_MODERATE,1,1,1,1,202,SAR,806
1184972187465680000,522134619,2,Other,1,1,1,Riyadh,As Sahafah,True,False,24.88163299,46.62508501,10,5.0,Entire rental unit,"Riyadh, Riyadh Province, Saudi Arabia",CANCEL_FLEXIBLE,1,0,1,1,181,SAR,361
1155547142157220000,498129881,1,Room,1,1,0,Riyadh,Al Ghadeer,True,False,24.76727,46.63047,9,5.0,Entire rental unit,"Riyadh, Riyadh Province, Saudi Arabia",CANCEL_FLEXIBLE,1,0,0,0,105,SAR,210
1197108677939350000,469704679,2,Studio,1,1,1,Riyadh,Al Nafel,False,False,24.76893,46.67417,11,4.91,Entire rental unit,"Riyadh, Riyadh Province, Saudi Arabia",CANCEL_FLEXIBLE,1,0,1,1,216,SAR,432
1200038827018230000,440606327,6,Apartment,1,1,1,Riyadh,Al Ghadeer,False,False,24.779788,46.622942,12,4.92,Entire rental unit,"Riyadh, Riyadh Province, Saudi Arabia",CANCEL_FLEXIBLE,1,1,1,0,283,SAR,566
1190402965495030000,90914942,3,Other,1,1,1,Riyadh,As Sahafah,True,False,24.81663523,46.63363538,21,5.0,Entire rental unit,"Riyadh, Riyadh Province, Saudi Arabia",CANCEL_FLEXIBLE,1,1,1,1,504,SAR,1008
1184974537495700000,522134619,2,Other,1,1,1,Riyadh,As Sahafah,True,False,24.88178087,46.62493625,11,5.0,Entire rental unit,"Riyadh, Riyadh Province, Saudi Arabia",CANCEL_FLEXIBLE,1,0,1,1,181,SAR,361
1186405737330440000,408993245,2,Studio,1,1,1,Riyadh,Al Malqa,False,False,24.78899612,46.62165049,16,5.0,Private room in rental unit,"Riyadh, Riyadh Province, Saudi Arabia",CANCEL_FLEXIBLE,1,0,1,1,392,SAR,783
1087438905323210000,104427789,4,Apartment,1,2,0,Riyadh,As Sahafah,True,False,24.80838545,46.59601757,18,5.0,Entire condo,"Riyadh, Riyadh Province, Saudi Arabia",CANCEL_FLEXIBLE,1,1,1,1,847,SAR,1694
820994494652342000,430833417,2,Bedroom,1,1,1,Riyadh,As Sahafah,False,False,24.80663,46.59999,71,4.96,Entire rental unit,"Riyadh, Riyadh Province, Saudi Arabia",CANCEL_MODERATE,1,0,1,1,191,SAR,382
986150501123579000,426522912,4,Other,3,2,2,Riyadh,As Sahafah,True,False,24.82770427,46.64336803,65,4.98,Entire rental unit,"Riyadh, Riyadh Province, Saudi Arabia",CANCEL_FLEXIBLE,1,1,1,1,750,SAR,1500
948676053235555000,499365429,2,Studio,1,1,1,Riyadh,Qurtubah,True,False,24.828222,46.735694,92,4.97,Entire rental unit,"Riyadh, Riyadh Province, Saudi Arabia",CANCEL_FLEXIBLE,1,0,1,1,271,SAR,542
40096542,309414862,2,Apartment,1,1,0,Riyadh,Al Nafel,True,False,24.79969564,46.66333839,21,5.0,Entire rental unit,"Riyadh, Riyadh Province, Saudi Arabia",CANCEL_BETTER_STRICT_WITH_GRACE_PERIOD,1,1,1,0,298,SAR,596
1139191742340930000,525559342,2,Studio,1,1,0,Riyadh,As Sahafah,True,False,24.80703,46.58946,40,5.0,Entire rental unit,"Riyadh, Riyadh Province, Saudi Arabia",CANCEL_FLEXIBLE,1,1,1,0,491,SAR,981
972266376019621000,532343366,2,Studio,1,1,1,Riyadh,Al Nafel,True,False,24.78866432,46.67045816,64,4.98,Entire serviced apartment,"Riyadh, Riyadh Province, Saudi Arabia",CANCEL_MODERATE,1,1,1,1,400,SAR,800
1195100635291550000,580928644,2,Studio,1,1,1,Riyadh,Al Izdihar,True,False,24.78295904,46.71370268,14,5.0,Entire rental unit,"Riyadh, Riyadh Province, Saudi Arabia",CANCEL_MODERATE,1,0,1,1,467,SAR,934
1050855099500520000,551423215,2,Other,1,1,1,Riyadh,Hittin,True,False,24.77046236,46.61153354,17,5.0,Entire rental unit,"Riyadh, Riyadh Province, Saudi Arabia",CANCEL_FLEXIBLE,1,0,1,1,189,SAR,378
1192802741009840000,518794691,2,Studio,1,1,1,Riyadh,As Sahafah,False,False,24.81382667,46.63099816,16,4.94,Entire rental unit,"Riyadh, Riyadh Province, Saudi Arabia",CANCEL_FLEXIBLE,1,1,1,1,269,SAR,537
1079769690527640000,312154751,2,Studio,1,1,1,Riyadh,Al Ghadeer,True,False,24.77060789,46.63111098,19,5.0,Entire condo,"Riyadh, Riyadh Province, Saudi Arabia",CANCEL_FLEXIBLE,1,0,1,1,228,SAR,456
1193727868285160000,285371341,4,Studio,1,1,1,Riyadh,Al Ghadeer,False,False,24.77003313,46.62620321,19,5.0,Entire rental unit,"Riyadh, Riyadh Province, Saudi Arabia",CANCEL_BETTER_STRICT_WITH_GRACE_PERIOD,1,1,0,1,380,SAR,759
1033034131422080000,521440822,2,Studio,1,1,1,Riyadh,Al Malqa,True,False,24.78525261,46.63171967,56,4.89,Private room in rental unit,"Riyadh, Riyadh Province, Saudi Arabia",CANCEL_FLEXIBLE,1,0,0,1,234,SAR,467
1185010746221200000,522134619,2,Other,1,1,1,Riyadh,As Sahafah,True,False,24.8803441,46.62363699,21,5.0,Entire rental unit,"Riyadh, Riyadh Province, Saudi Arabia",CANCEL_FLEXIBLE,1,0,1,1,205,SAR,410
1184872211517380000,522134619,2,Other,1,1,1,Riyadh,As Sahafah,True,False,24.88012817,46.62613689,14,4.93,Entire rental unit,"Riyadh, Riyadh Province, Saudi Arabia",CANCEL_FLEXIBLE,1,0,1,1,181,SAR,361
1142400258589140000,514100163,10,Other,3,2,0,Riyadh,Al Malqa,True,False,24.78067827,46.6199882,27,5.0,Entire rental unit,"Riyadh, Riyadh Province, Saudi Arabia",CANCEL_MODERATE,1,1,1,1,699,SAR,1397
1202214663152790000,540286646,2,Studio,1,1,1,Riyadh,Al Nafel,True,False,24.76962885,46.67425284,12,5.0,Entire rental unit,"Riyadh, Riyadh Province, Saudi Arabia",CANCEL_MODERATE,1,0,1,1,393,SAR,786
1156676475515920000,435171413,3,Other,1,1,1,Riyadh,Al Nafel,False,False,24.79872,46.66291,17,5.0,Entire rental unit,"Riyadh, Riyadh Province, Saudi Arabia",CANCEL_FLEXIBLE,1,0,0,1,257,SAR,514
552791275858998000,400383362,3,Studio,1,1,0,Riyadh,As Sahafah,False,False,24.82403693,46.60185043,37,4.89,Entire condo,"Riyadh, Riyadh Province, Saudi Arabia",CANCEL_FLEXIBLE,1,1,1,1,256,SAR,512
885400596258936000,467824438,6,Other,2,1,1,Riyadh,As Sahafah,True,False,24.85368,46.59205,29,4.93,Entire chalet,"Riyadh, Riyadh Province, Saudi Arabia",CANCEL_FLEXIBLE,1,1,1,1,1459,SAR,2918
1039160351909930000,428274155,2,Studio,1,1,1,Riyadh,Al Yasmin,True,False,24.7908431,46.69032,41,4.78,Entire rental unit,"Riyadh, Riyadh Province, Saudi Arabia",CANCEL_FLEXIBLE,1,0,1,1,360,SAR,720
981874554354154000,262206128,3,Studio,1,1,2,Riyadh,As Sahafah,True,False,24.8305894,46.5968689,61,4.92,Entire rental unit,"Riyadh, Riyadh Province, Saudi Arabia",CANCEL_FLEXIBLE,1,1,1,1,355,SAR,709
1169669991041660000,578679470,3,Apartment,1,1,1,Riyadh,As Sahafah,False,False,24.83337529,46.64543856,12,5.0,Entire rental unit,"Riyadh, Riyadh Province, Saudi Arabia",CANCEL_FLEXIBLE,1,1,1,1,409,SAR,818
954905642036529000,499365429,4,Penthouse,2,2,2,Riyadh,Qurtubah,True,False,24.8285281,46.7355815,123,4.98,Entire rental unit,"Riyadh, Riyadh Province, Saudi Arabia",CANCEL_FLEXIBLE,1,1,1,1,1472,SAR,2943
1105030447082770000,565327311,4,Studio,1,1,2,Riyadh,As Sahafah,True,False,24.8139669,46.6102146,41,4.9,Entire rental unit,"Riyadh, Riyadh Province, Saudi Arabia",CANCEL_FLEXIBLE,1,1,1,1,271,SAR,542
1144230069531750000,574536630,3,Studio,1,1,0,Riyadh,Al Malqa,True,False,24.7911082,46.62913151,17,4.94,Entire rental unit,"Riyadh, Riyadh Province, Saudi Arabia",CANCEL_FLEXIBLE,1,0,1,1,259,SAR,516
1170965473866620000,488615174,3,Studio,1,1,1,Riyadh,Al Nafel,False,False,24.79874768,46.67406386,20,4.95,Entire rental unit,"Riyadh, Riyadh Province, Saudi Arabia",CANCEL_FLEXIBLE,1,0,1,1,283,SAR,565
1174009770893730000,245825242,2,Apartment,1,1,1,Riyadh,Al Wurud,False,False,24.7055186,46.69252859,32,4.91,Entire rental unit,"Riyadh, Riyadh Province, Saudi Arabia",CANCEL_FLEXIBLE,1,1,1,0,301,SAR,602
1173889052362370000,137120048,4,Penthouse,1,1,1,Riyadh,Al Ghadeer,True,False,24.77024196,46.63386882,24,4.88,Entire rental unit,"Riyadh, Riyadh Province, Saudi Arabia",CANCEL_FLEXIBLE,1,1,1,0,894,SAR,1787
1179015748367190000,497723396,2,Studio,1,1,1,Riyadh,Al Izdihar,False,False,24.7656043,46.70717578,24,4.88,Entire rental unit,"Riyadh, Riyadh Province, Saudi Arabia",CANCEL_FLEXIBLE,1,0,1,1,193,SAR,385
